,Implant,Area,Force,Slope,Length
0,Trouble Shoot 1,828.8838613666663,10.405036784013237,0.3839676551399444,119.19444444444444
1,Trouble Shoot 1,783.7571834144043,9.659290408294073,0.4819270760987523,123.69375000000001
2,Trouble Shoot 2,828.8838613666663,10.405036784013237,0.3839676551399444,119.19444444444444
3,Trouble Shoot 2,783.7571834144043,9.659290408294073,0.4819270760987523,123.69375000000001
